{
  "video": "side_stay.mp4",
  "model": "pose_landmarker_full",
  "running_mode": "VIDEO",
  "delegate": "CPU",
  "frames_total": 1927,
  "frames_processed": 1927,
  "stride": 1,
  "fps_src": 60.0,
  "detection_rate": 1.0,
  "mean_inference_ms": 34.67659309822103,
  "p50_inference_ms": 34.30780000053346,
  "p95_inference_ms": 37.76722000184236,
  "effective_fps": 18.864698572674364,
  "mean_visibility_keep": 0.7185266000965115,
  "mean_presence_keep": 0.9642485377300536,
  "occluded_frac_keep_mean": 0.3156275483727481,
  "tracking_loss_events": 0,
  "longest_loss_streak_frames": 0,
  "jitter_world_m_mean": 0.0026021646161749003,
  "jitter_world_m_p95": 0.006996068236961689,
  "wrist_speed_m_s_mean": 0.31282883137817014,
  "wrist_speed_m_s_p95": 0.8773298120734545
}