{
  "video": "fast.mp4",
  "model": "pose_landmarker_full",
  "running_mode": "VIDEO",
  "delegate": "CPU",
  "frames_total": 1928,
  "frames_processed": 1928,
  "stride": 1,
  "fps_src": 59.81385729058945,
  "detection_rate": 1.0,
  "mean_inference_ms": 34.84512162854928,
  "p50_inference_ms": 34.446049998223316,
  "p95_inference_ms": 37.99753500279621,
  "effective_fps": 19.071392455897822,
  "mean_visibility": 0.946684405182398,
  "mean_presence": 0.9433870194771043,
  "occluded_frac_mean": 0.03398088771532755,
  "tracking_loss_events": 0,
  "longest_loss_streak_frames": 0,
  "jitter_world_m_mean": 0.0034858295418937987,
  "jitter_world_m_p95": 0.00938107156303421,
  "wrist_speed_m_s_mean": 1.4126576370563455,
  "wrist_speed_m_s_p95": 3.2830794726787507
}