{
  "video": "fast.mp4",
  "model": "pose_landmarker_heavy",
  "running_mode": "VIDEO",
  "delegate": "CPU",
  "frames_total": 1928,
  "frames_processed": 1928,
  "stride": 1,
  "fps_src": 59.81385729058945,
  "detection_rate": 1.0,
  "mean_inference_ms": 134.13846265570274,
  "p50_inference_ms": 133.84949999453966,
  "p95_inference_ms": 136.8823299992073,
  "effective_fps": 6.0706294900740145,
  "mean_visibility_keep": 0.9572401638504363,
  "mean_presence_keep": 0.9884414446215706,
  "occluded_frac_keep_mean": 0.006335210432720807,
  "tracking_loss_events": 0,
  "longest_loss_streak_frames": 0,
  "jitter_world_m_mean": 0.003436883176070866,
  "jitter_world_m_p95": 0.009782860852701311,
  "wrist_speed_m_s_mean": 1.3247921436107206,
  "wrist_speed_m_s_p95": 2.909364936984909
}