{
  "video": "slow.mp4",
  "model": "pose_landmarker_full",
  "running_mode": "VIDEO",
  "delegate": "CPU",
  "frames_total": 1953,
  "frames_processed": 1953,
  "stride": 1,
  "fps_src": 59.8773633111906,
  "detection_rate": 1.0,
  "mean_inference_ms": 35.01115898638728,
  "p50_inference_ms": 34.6642999938922,
  "p95_inference_ms": 38.17511999804992,
  "effective_fps": 18.898474423699824,
  "mean_visibility_keep": 0.9650919024691734,
  "mean_presence_keep": 0.968659064080154,
  "occluded_frac_keep_mean": 0.013166556945358787,
  "tracking_loss_events": 0,
  "longest_loss_streak_frames": 0,
  "jitter_world_m_mean": 0.002719399373037545,
  "jitter_world_m_p95": 0.007808898994663278,
  "wrist_speed_m_s_mean": 0.7564402006738714,
  "wrist_speed_m_s_p95": 1.923450287227717
}