{
  "video": "fast.mp4",
  "model": "pose_landmarker_lite",
  "running_mode": "VIDEO",
  "delegate": "CPU",
  "frames_total": 1928,
  "frames_processed": 1928,
  "stride": 1,
  "fps_src": 59.81385729058945,
  "detection_rate": 1.0,
  "mean_inference_ms": 22.692291493845136,
  "p50_inference_ms": 22.425499999371823,
  "p95_inference_ms": 24.867739996261662,
  "effective_fps": 20.80363171156988,
  "mean_visibility_keep": 0.976931007560199,
  "mean_presence_keep": 0.9836249815372013,
  "occluded_frac_keep_mean": 0.0,
  "tracking_loss_events": 0,
  "longest_loss_streak_frames": 0,
  "jitter_world_m_mean": 0.0027857254544525843,
  "jitter_world_m_p95": 0.007027457177150962,
  "wrist_speed_m_s_mean": 1.2520635011893346,
  "wrist_speed_m_s_p95": 2.8417054310181347
}