{
  "video": "slow.mp4",
  "model": "pose_landmarker_lite",
  "running_mode": "VIDEO",
  "delegate": "CPU",
  "frames_total": 1953,
  "frames_processed": 1953,
  "stride": 1,
  "fps_src": 59.8773633111906,
  "detection_rate": 1.0,
  "mean_inference_ms": 24.65561454162924,
  "p50_inference_ms": 23.940900005982257,
  "p95_inference_ms": 27.95022000209428,
  "effective_fps": 22.0382587692951,
  "mean_visibility": 0.928296931962286,
  "mean_presence": 0.9054420831227463,
  "occluded_frac_mean": 0.033173517044484784,
  "tracking_loss_events": 0,
  "longest_loss_streak_frames": 0,
  "jitter_world_m_mean": 0.0019674576952016113,
  "jitter_world_m_p95": 0.005193486274619303,
  "wrist_speed_m_s_mean": 0.5805365371581248,
  "wrist_speed_m_s_p95": 1.4303970842919884
}