{
  "video": "fast.mp4",
  "model": "pose_landmarker_lite",
  "running_mode": "VIDEO",
  "delegate": "CPU",
  "frames_total": 1928,
  "frames_processed": 1928,
  "stride": 1,
  "fps_src": 59.81385729058945,
  "detection_rate": 1.0,
  "mean_inference_ms": 22.988512707671358,
  "p50_inference_ms": 22.620700001425575,
  "p95_inference_ms": 25.772274999326324,
  "effective_fps": 23.462467309488066,
  "mean_visibility": 0.9498459797517969,
  "mean_presence": 0.9460035175477685,
  "occluded_frac_mean": 0.02436187602162706,
  "tracking_loss_events": 0,
  "longest_loss_streak_frames": 0,
  "jitter_world_m_mean": 0.0027857254544525843,
  "jitter_world_m_p95": 0.007027457177150962,
  "wrist_speed_m_s_mean": 1.2520635011893346,
  "wrist_speed_m_s_p95": 2.8417054310181347
}