{
  "video": "front_stay.mp4",
  "model": "pose_landmarker_lite",
  "running_mode": "VIDEO",
  "delegate": "CPU",
  "frames_total": 1918,
  "frames_processed": 1918,
  "stride": 1,
  "fps_src": 59.812931263292626,
  "detection_rate": 1.0,
  "mean_inference_ms": 22.506983837558476,
  "p50_inference_ms": 22.20829999714624,
  "p95_inference_ms": 25.201519996335264,
  "effective_fps": 23.750753108147244,
  "mean_visibility_keep": 0.9744883704024332,
  "mean_presence_keep": 0.976872530986072,
  "occluded_frac_keep_mean": 0.0049530761209593335,
  "tracking_loss_events": 0,
  "longest_loss_streak_frames": 0,
  "jitter_world_m_mean": 0.0017522659185845973,
  "jitter_world_m_p95": 0.005449280064112859,
  "wrist_speed_m_s_mean": 0.17106009391941532,
  "wrist_speed_m_s_p95": 0.4424515119988901
}