{
  "video": "fast.mp4",
  "model": "pose_landmarker_full",
  "running_mode": "VIDEO",
  "delegate": "CPU",
  "frames_total": 1928,
  "frames_processed": 1928,
  "stride": 1,
  "fps_src": 59.81385729058945,
  "detection_rate": 1.0,
  "mean_inference_ms": 38.865767219981514,
  "p50_inference_ms": 35.33869999955641,
  "p95_inference_ms": 56.62853500034543,
  "effective_fps": 16.80514709300334,
  "mean_visibility_keep": 0.977780333676535,
  "mean_presence_keep": 0.9866254594499686,
  "occluded_frac_keep_mean": 0.0022228808535862473,
  "tracking_loss_events": 0,
  "longest_loss_streak_frames": 0,
  "jitter_world_m_mean": 0.0034858295418937987,
  "jitter_world_m_p95": 0.00938107156303421,
  "wrist_speed_m_s_mean": 1.4126576370563455,
  "wrist_speed_m_s_p95": 3.2830794726787507
}