{
  "video": "fast.mp4",
  "model": "pose_landmarker_heavy",
  "running_mode": "VIDEO",
  "delegate": "CPU",
  "frames_total": 1928,
  "frames_processed": 1928,
  "stride": 1,
  "fps_src": 59.81385729058945,
  "detection_rate": 1.0,
  "mean_inference_ms": 135.95630290441312,
  "p50_inference_ms": 135.12199999240693,
  "p95_inference_ms": 142.36305999802423,
  "effective_fps": 6.4447117413894714,
  "mean_visibility": 0.9072405402894358,
  "mean_presence": 0.9607616089174841,
  "occluded_frac_mean": 0.05122280900289198,
  "tracking_loss_events": 0,
  "longest_loss_streak_frames": 0,
  "jitter_world_m_mean": 0.003436883176070866,
  "jitter_world_m_p95": 0.009782860852701311,
  "wrist_speed_m_s_mean": 1.3247921436107206,
  "wrist_speed_m_s_p95": 2.909364936984909
}