{
  "video": "front_stay.mp4",
  "model": "pose_landmarker_full",
  "running_mode": "VIDEO",
  "delegate": "CPU",
  "frames_total": 1918,
  "frames_processed": 1918,
  "stride": 1,
  "fps_src": 59.812931263292626,
  "detection_rate": 1.0,
  "mean_inference_ms": 35.96561204385798,
  "p50_inference_ms": 35.30254999350291,
  "p95_inference_ms": 39.24990499654086,
  "effective_fps": 16.980964728093035,
  "mean_visibility": 0.816991198296477,
  "mean_presence": 0.7766629682323353,
  "occluded_frac_mean": 0.18568900685689008,
  "tracking_loss_events": 0,
  "longest_loss_streak_frames": 0,
  "jitter_world_m_mean": 0.0010361753730654929,
  "jitter_world_m_p95": 0.0032609222954210863,
  "wrist_speed_m_s_mean": 0.17590418426569215,
  "wrist_speed_m_s_p95": 0.5318156649957443
}