{
  "video": "side_stay.mp4",
  "model": "pose_landmarker_full",
  "running_mode": "VIDEO",
  "delegate": "CPU",
  "frames_total": 1927,
  "frames_processed": 1927,
  "stride": 1,
  "fps_src": 60.0,
  "detection_rate": 1.0,
  "mean_inference_ms": 39.185700000031886,
  "p50_inference_ms": 37.93599999335129,
  "p95_inference_ms": 47.962950005603474,
  "effective_fps": 16.017814629402277,
  "mean_visibility": 0.6926116425477145,
  "mean_presence": 0.7921015733312495,
  "occluded_frac_mean": 0.34121180670220624,
  "tracking_loss_events": 0,
  "longest_loss_streak_frames": 0,
  "jitter_world_m_mean": 0.0026021646161749003,
  "jitter_world_m_p95": 0.006996068236961689,
  "wrist_speed_m_s_mean": 0.31282883137817014,
  "wrist_speed_m_s_p95": 0.8773298120734545
}