{
  "video": "side_stay.mp4",
  "model": "pose_landmarker_heavy",
  "running_mode": "VIDEO",
  "delegate": "CPU",
  "frames_total": 1927,
  "frames_processed": 1927,
  "stride": 1,
  "fps_src": 60.0,
  "detection_rate": 1.0,
  "mean_inference_ms": 133.63034582242582,
  "p50_inference_ms": 133.36060001165606,
  "p95_inference_ms": 136.21932998939883,
  "effective_fps": 6.375276463226932,
  "mean_visibility_keep": 0.6690705254395947,
  "mean_presence_keep": 0.9809566204639041,
  "occluded_frac_keep_mean": 0.3249314256060493,
  "tracking_loss_events": 0,
  "longest_loss_streak_frames": 0,
  "jitter_world_m_mean": 0.001363150850073276,
  "jitter_world_m_p95": 0.0039563591659337455,
  "wrist_speed_m_s_mean": 0.2826468457361901,
  "wrist_speed_m_s_p95": 0.7508801293277363
}