{
  "video": "side_stay.mp4",
  "model": "pose_landmarker_lite",
  "running_mode": "VIDEO",
  "delegate": "CPU",
  "frames_total": 1927,
  "frames_processed": 1927,
  "stride": 1,
  "fps_src": 60.0,
  "detection_rate": 1.0,
  "mean_inference_ms": 22.652837519433827,
  "p50_inference_ms": 22.315000009257346,
  "p95_inference_ms": 25.527960002364125,
  "effective_fps": 23.80114923632674,
  "mean_visibility_keep": 0.7330375288870189,
  "mean_presence_keep": 0.9358477595918001,
  "occluded_frac_keep_mean": 0.3249684928460226,
  "tracking_loss_events": 0,
  "longest_loss_streak_frames": 0,
  "jitter_world_m_mean": 0.001772396311011191,
  "jitter_world_m_p95": 0.004849144630164139,
  "wrist_speed_m_s_mean": 0.2346391633665652,
  "wrist_speed_m_s_p95": 0.6927149086293406
}