{
  "video": "side_stay.mp4",
  "model": "pose_landmarker_heavy",
  "running_mode": "VIDEO",
  "delegate": "CPU",
  "frames_total": 1927,
  "frames_processed": 1927,
  "stride": 1,
  "fps_src": 60.0,
  "detection_rate": 1.0,
  "mean_inference_ms": 148.9296882720617,
  "p50_inference_ms": 145.4826000117464,
  "p95_inference_ms": 168.0618200058234,
  "effective_fps": 5.862810248699475,
  "mean_visibility": 0.6401268475005045,
  "mean_presence": 0.8229928473938086,
  "occluded_frac_mean": 0.3758707993269488,
  "tracking_loss_events": 0,
  "longest_loss_streak_frames": 0,
  "jitter_world_m_mean": 0.001363150850073276,
  "jitter_world_m_p95": 0.0039563591659337455,
  "wrist_speed_m_s_mean": 0.2826468457361901,
  "wrist_speed_m_s_p95": 0.7508801293277363
}