{
  "video": "slow.mp4",
  "model": "pose_landmarker_full",
  "running_mode": "VIDEO",
  "delegate": "CPU",
  "frames_total": 1953,
  "frames_processed": 1953,
  "stride": 1,
  "fps_src": 59.8773633111906,
  "detection_rate": 1.0,
  "mean_inference_ms": 38.65770942136948,
  "p50_inference_ms": 37.85330000391696,
  "p95_inference_ms": 43.25583999452647,
  "effective_fps": 17.295391244224586,
  "mean_visibility": 0.9205092988373238,
  "mean_presence": 0.8971175382488674,
  "occluded_frac_mean": 0.04765007990814442,
  "tracking_loss_events": 0,
  "longest_loss_streak_frames": 0,
  "jitter_world_m_mean": 0.002719399373037545,
  "jitter_world_m_p95": 0.007808898994663278,
  "wrist_speed_m_s_mean": 0.7564402006738714,
  "wrist_speed_m_s_p95": 1.923450287227717
}