{
  "video": "front_stay.mp4",
  "model": "pose_landmarker_heavy",
  "running_mode": "VIDEO",
  "delegate": "CPU",
  "frames_total": 1918,
  "frames_processed": 1918,
  "stride": 1,
  "fps_src": 59.812931263292626,
  "detection_rate": 1.0,
  "mean_inference_ms": 141.0114277373533,
  "p50_inference_ms": 139.1460000013467,
  "p95_inference_ms": 152.18405000123312,
  "effective_fps": 6.211077560324947,
  "mean_visibility": 0.7901901705141688,
  "mean_presence": 0.805739183709945,
  "occluded_frac_mean": 0.21591304073055895,
  "tracking_loss_events": 0,
  "longest_loss_streak_frames": 0,
  "jitter_world_m_mean": 0.0010303963175034973,
  "jitter_world_m_p95": 0.0030862466546103828,
  "wrist_speed_m_s_mean": 0.2088615826430316,
  "wrist_speed_m_s_p95": 0.6262550759643745
}