{
  "video": "slow.mp4",
  "model": "pose_landmarker_lite",
  "running_mode": "VIDEO",
  "delegate": "CPU",
  "frames_total": 1953,
  "frames_processed": 1953,
  "stride": 1,
  "fps_src": 59.8773633111906,
  "detection_rate": 1.0,
  "mean_inference_ms": 22.47506016422631,
  "p50_inference_ms": 22.241400001803413,
  "p95_inference_ms": 24.25370000128168,
  "effective_fps": 24.69131516416646,
  "mean_visibility_keep": 0.9571637897412627,
  "mean_presence_keep": 0.9564630126466965,
  "occluded_frac_keep_mean": 0.01693365518250311,
  "tracking_loss_events": 0,
  "longest_loss_streak_frames": 0,
  "jitter_world_m_mean": 0.0019674576952016113,
  "jitter_world_m_p95": 0.005193486274619303,
  "wrist_speed_m_s_mean": 0.5805365371581248,
  "wrist_speed_m_s_p95": 1.4303970842919884
}