{
  "video": "front_stay.mp4",
  "model": "pose_landmarker_full",
  "running_mode": "VIDEO",
  "delegate": "CPU",
  "frames_total": 1918,
  "frames_processed": 1918,
  "stride": 1,
  "fps_src": 59.812931263292626,
  "detection_rate": 1.0,
  "mean_inference_ms": 34.69036944723321,
  "p50_inference_ms": 34.28734999761218,
  "p95_inference_ms": 37.80739500070922,
  "effective_fps": 18.957910936029315,
  "mean_visibility_keep": 0.9833386524575009,
  "mean_presence_keep": 0.9819549868222113,
  "occluded_frac_keep_mean": 0.0029048115596603595,
  "tracking_loss_events": 0,
  "longest_loss_streak_frames": 0,
  "jitter_world_m_mean": 0.0010361753730654929,
  "jitter_world_m_p95": 0.0032609222954210863,
  "wrist_speed_m_s_mean": 0.17590418426569215,
  "wrist_speed_m_s_p95": 0.5318156649957443
}