{
  "video": "front_stay.mp4",
  "model": "pose_landmarker_heavy",
  "running_mode": "VIDEO",
  "delegate": "CPU",
  "frames_total": 1918,
  "frames_processed": 1918,
  "stride": 1,
  "fps_src": 59.812931263292626,
  "detection_rate": 1.0,
  "mean_inference_ms": 133.56193065682703,
  "p50_inference_ms": 133.3258999948157,
  "p95_inference_ms": 136.3052949986013,
  "effective_fps": 6.4696800871374425,
  "mean_visibility_keep": 0.9661243934368553,
  "mean_presence_keep": 0.992390811634782,
  "occluded_frac_keep_mean": 0.017689557574854756,
  "tracking_loss_events": 0,
  "longest_loss_streak_frames": 0,
  "jitter_world_m_mean": 0.0010303963175034973,
  "jitter_world_m_p95": 0.0030862466546103828,
  "wrist_speed_m_s_mean": 0.2088615826430316,
  "wrist_speed_m_s_p95": 0.6262550759643745
}