{
  "video": "slow.mp4",
  "model": "pose_landmarker_heavy",
  "running_mode": "VIDEO",
  "delegate": "CPU",
  "frames_total": 1953,
  "frames_processed": 1953,
  "stride": 1,
  "fps_src": 59.8773633111906,
  "detection_rate": 1.0,
  "mean_inference_ms": 143.98972770106698,
  "p50_inference_ms": 142.6772999984678,
  "p95_inference_ms": 151.27198000554927,
  "effective_fps": 6.060038279334868,
  "mean_visibility": 0.8836562164796685,
  "mean_presence": 0.926655963009195,
  "occluded_frac_mean": 0.08479572995702027,
  "tracking_loss_events": 0,
  "longest_loss_streak_frames": 0,
  "jitter_world_m_mean": 0.002182933457101078,
  "jitter_world_m_p95": 0.005951411617546299,
  "wrist_speed_m_s_mean": 0.6917210836107008,
  "wrist_speed_m_s_p95": 1.6749841062815713
}