{
  "video": "slow.mp4",
  "model": "pose_landmarker_heavy",
  "running_mode": "VIDEO",
  "delegate": "CPU",
  "frames_total": 1953,
  "frames_processed": 1953,
  "stride": 1,
  "fps_src": 59.8773633111906,
  "detection_rate": 1.0,
  "mean_inference_ms": 134.51133159233078,
  "p50_inference_ms": 134.29030000406783,
  "p95_inference_ms": 136.97436000511516,
  "effective_fps": 6.5392418876069645,
  "mean_visibility_keep": 0.9495383395145996,
  "mean_presence_keep": 0.9848731276134011,
  "occluded_frac_keep_mean": 0.027613195815960796,
  "tracking_loss_events": 0,
  "longest_loss_streak_frames": 0,
  "jitter_world_m_mean": 0.002182933457101078,
  "jitter_world_m_p95": 0.005951411617546299,
  "wrist_speed_m_s_mean": 0.6917210836107008,
  "wrist_speed_m_s_p95": 1.6749841062815713
}