{
  "video": "side_stay.mp4",
  "model": "pose_landmarker_lite",
  "running_mode": "VIDEO",
  "delegate": "CPU",
  "frames_total": 1927,
  "frames_processed": 1927,
  "stride": 1,
  "fps_src": 60.0,
  "detection_rate": 1.0,
  "mean_inference_ms": 25.444796730601215,
  "p50_inference_ms": 24.519900005543604,
  "p95_inference_ms": 30.164839998178643,
  "effective_fps": 22.220834339378378,
  "mean_visibility": 0.7396952726946797,
  "mean_presence": 0.7913517955341566,
  "occluded_frac_mean": 0.2987529681873221,
  "tracking_loss_events": 0,
  "longest_loss_streak_frames": 0,
  "jitter_world_m_mean": 0.001772396311011191,
  "jitter_world_m_p95": 0.004849144630164139,
  "wrist_speed_m_s_mean": 0.2346391633665652,
  "wrist_speed_m_s_p95": 0.6927149086293406
}