{
  "video": "front_stay.mp4",
  "model": "pose_landmarker_lite",
  "running_mode": "VIDEO",
  "delegate": "CPU",
  "frames_total": 1918,
  "frames_processed": 1918,
  "stride": 1,
  "fps_src": 59.812931263292626,
  "detection_rate": 1.0,
  "mean_inference_ms": 24.12436225236088,
  "p50_inference_ms": 23.25524999469053,
  "p95_inference_ms": 28.257399996800807,
  "effective_fps": 20.947388272040023,
  "mean_visibility": 0.9032067189932571,
  "mean_presence": 0.8073649936205622,
  "occluded_frac_mean": 0.08343602869150313,
  "tracking_loss_events": 0,
  "longest_loss_streak_frames": 0,
  "jitter_world_m_mean": 0.0017522659185845973,
  "jitter_world_m_p95": 0.005449280064112859,
  "wrist_speed_m_s_mean": 0.17106009391941532,
  "wrist_speed_m_s_p95": 0.4424515119988901
}